patchID,propensity,hydrophobicity,planarity,secondary_str,SSbonds,Hbonds,fosta_scorecons,blast_scorecons,intf_class
1tpx:A:135,-0.0266,-1.3706,2.7296937,EH,0.000000,0.764706,0.959176470588235,0.920176470588235,S
1tpx:A:143,0.0644,-1.6765,2.8324435,H,0.000000,0.764706,0.965235294117647,0.909529411764706,S
1tpx:A:145,0.1119,-1.7667,3.3083088,H,0.000000,0.800000,0.9578,0.906133333333333,S
1tpx:A:146,0.1192,-1.6562,3.4813955,H,0.000000,0.875000,0.9620625,0.9141875,S
1tpx:A:147,0.1198,-1.9538,3.0063348,H,0.000000,0.846154,0.966461538461538,0.915461538461539,S
1tpx:A:158,0.1046,-2.0947,2.6951208,H,0.000000,0.894737,0.978,0.928736842105263,I
1tpx:A:163,0.0520,-0.0800,1.6854950,E,0.000000,0.600000,0.9826,0.942,S
1tpx:A:170,0.0592,-1.4217,3.7953115,H,0.043478,0.869565,0.9515,0.902565217391304,S
1tpx:A:173,0.1322,-1.3778,3.0617008,H,0.055556,0.944444,0.957823529411765,0.906833333333333,S
1tpx:A:174,0.0678,-1.5813,3.2411184,H,0.062500,1.000000,0.963333333333333,0.9059375,S
1tpx:A:175,0.0088,-1.3687,3.0672257,H,0.062500,1.000000,0.9656875,0.9159375,S
1tpx:A:176,0.0241,-1.7625,2.9787929,H,0.062500,1.000000,0.966875,0.9168125,S
1tpx:A:177,0.0957,-1.7222,3.0612302,H,0.000000,0.944444,0.966470588235294,0.920666666666667,S
1tpx:A:188,0.1017,-0.1588,1.9052972,H,0.000000,0.823529,0.972117647058824,0.928588235294118,I
1tpx:A:192,0.1123,-0.7136,2.6764758,H,0.000000,0.863636,0.979409090909091,0.940545454545455,I
1tpx:A:193,0.1645,-0.6375,2.4706149,H,0.000000,0.875000,0.98625,0.949125,I
1tpx:A:194,0.0914,-2.2000,3.1776984,H,0.000000,0.937500,0.9744375,0.931625,I
1tpx:A:195,0.0052,-1.3292,3.5521033,H,0.000000,0.916667,0.973166666666667,0.927458333333333,I
1tpx:A:196,-0.0574,-0.9929,2.2700875,H,0.000000,0.928571,0.984214285714286,0.926357142857143,I
1tpx:A:197,-0.0420,-1.1500,2.1444025,H,0.000000,0.916667,0.981583333333333,0.922083333333333,I
1tpx:A:198,0.0041,-1.4875,3.5793128,H,0.000000,0.875000,0.97425,0.922125,I
1tpx:A:199,-0.0358,-1.6600,3.1706588,H,0.000000,0.900000,0.98535,0.93255,I
1tpx:A:200,-0.0288,-1.3667,2.9727302,H,0.000000,0.904762,0.975619047619048,0.927666666666667,I
1tpx:A:207,0.0070,-1.1200,2.7618399,H,0.000000,0.850000,0.958,0.9071,S
1tpx:A:211,-0.0504,-1.4909,3.4087021,H,0.000000,0.863636,0.963454545454545,0.904954545454546,S
1tpx:A:214,-0.0041,-0.9133,2.8653560,H,0.066667,0.866667,0.970466666666667,0.9214,S
1tpx:A:215,-0.0235,-1.3294,3.4612272,H,0.000000,0.823529,0.947176470588235,0.895823529411765,S
1tpx:A:218,0.1673,4.5000,0.27892217,H,0.000000,1.000000,0.892,0.86,S
1tpx:A:219,-0.0861,-0.7000,0.26094884,H,0.000000,1.000000,1,0.904,S
1tpx:A:222,0.0287,-1.5400,1.1964459,H,0.000000,0.800000,0.8824,0.8516,S
1tpx:A:223,-0.1100,-1.0273,2.6745210,H,0.000000,0.772727,0.948090909090909,0.887409090909091,S
1tpx:A:225,0.0598,-1.7067,2.2527738,H,0.000000,1.000000,0.935214285714286,0.859866666666667,S
1tpx:A:226,-0.0986,-0.9467,2.4670281,H,0.000000,0.866667,0.929133333333333,0.87,S
1tpx:A:227,-0.1159,-1.2214,2.4489825,H,0.000000,0.928571,0.925428571428571,0.849428571428571,S
1tpx:A:228,-0.0354,-1.5909,2.2756350,H,0.000000,1.000000,0.905090909090909,0.822636363636363,S
